n,method,seed,accuracy
0,BC,0,0.502586
0,BC,1,0.500582
0,BC,2,0.486315
0,BC,3,0.522024
0,BC,4,0.503941
0,BC,5,0.510739
0,BC,6,0.505133
0,BC,7,0.498880
0,BC,8,0.507850
0,BC,9,0.490726
0,BC,10,0.504800
0,BC,11,0.506376
0,BC,12,0.497372
0,BC,13,0.497240
0,BC,14,0.506420
0,BC,15,0.506542
0,BC,16,0.496420
0,BC,17,0.494672
0,BC,18,0.515302
0,BC,19,0.506080
1,BC,0,0.500441
1,BC,1,0.489071
1,BC,2,0.491725
1,BC,3,0.494860
1,BC,4,0.494857
1,BC,5,0.494717
1,BC,6,0.519701
1,BC,7,0.505651
1,BC,8,0.486704
1,BC,9,0.504590
1,BC,10,0.481631
1,BC,11,0.491994
1,BC,12,0.496525
1,BC,13,0.508559
1,BC,14,0.488304
1,BC,15,0.499258
1,BC,16,0.501012
1,BC,17,0.485893
1,BC,18,0.495977
1,BC,19,0.508530
2,BC,0,0.502894
2,BC,1,0.492592
2,BC,2,0.499385
2,BC,3,0.506843
2,BC,4,0.491811
2,BC,5,0.478546
2,BC,6,0.516765
2,BC,7,0.501793
2,BC,8,0.497704
2,BC,9,0.498145
2,BC,10,0.518626
2,BC,11,0.504529
2,BC,12,0.520411
2,BC,13,0.528391
2,BC,14,0.481689
2,BC,15,0.506931
2,BC,16,0.509298
2,BC,17,0.533725
2,BC,18,0.509291
2,BC,19,0.520631
3,BC,0,0.496400
3,BC,1,0.512691
3,BC,2,0.512359
3,BC,3,0.516893
3,BC,4,0.497846
3,BC,5,0.501292
3,BC,6,0.502707
3,BC,7,0.501196
3,BC,8,0.512852
3,BC,9,0.510546
3,BC,10,0.516098
3,BC,11,0.522809
3,BC,12,0.486012
3,BC,13,0.506391
3,BC,14,0.511633
3,BC,15,0.502427
3,BC,16,0.484453
3,BC,17,0.498326
3,BC,18,0.494320
3,BC,19,0.512748
4,BC,0,0.465466
4,BC,1,0.503399
4,BC,2,0.487681
4,BC,3,0.489712
4,BC,4,0.506095
4,BC,5,0.497014
4,BC,6,0.511579
4,BC,7,0.478429
4,BC,8,0.483393
4,BC,9,0.501658
4,BC,10,0.503444
4,BC,11,0.497264
4,BC,12,0.495480
4,BC,13,0.487502
4,BC,14,0.507388
4,BC,15,0.509439
4,BC,16,0.476925
4,BC,17,0.488253
4,BC,18,0.503683
4,BC,19,0.486194
5,BC,0,0.499525
5,BC,1,0.490456
5,BC,2,0.516586
5,BC,3,0.496798
5,BC,4,0.520857
5,BC,5,0.500263
5,BC,6,0.506611
5,BC,7,0.499151
5,BC,8,0.505979
5,BC,9,0.508962
5,BC,10,0.486593
5,BC,11,0.506343
5,BC,12,0.496697
5,BC,13,0.467835
5,BC,14,0.495483
5,BC,15,0.480066
5,BC,16,0.500133
5,BC,17,0.482852
5,BC,18,0.501609
5,BC,19,0.497201
6,BC,0,0.500924
6,BC,1,0.511288
6,BC,2,0.501020
6,BC,3,0.511050
6,BC,4,0.487822
6,BC,5,0.506596
6,BC,6,0.514148
6,BC,7,0.505343
6,BC,8,0.500082
6,BC,9,0.506599
6,BC,10,0.513039
6,BC,11,0.508859
6,BC,12,0.495589
6,BC,13,0.488876
6,BC,14,0.502789
6,BC,15,0.489974
6,BC,16,0.504093
6,BC,17,0.525843
6,BC,18,0.499754
6,BC,19,0.506313
8,BC,0,0.501589
8,BC,1,0.499915
8,BC,2,0.494628
8,BC,3,0.532103
8,BC,4,0.500077
8,BC,5,0.509495
8,BC,6,0.489949
8,BC,7,0.511278
8,BC,8,0.507170
8,BC,9,0.494753
8,BC,10,0.485869
8,BC,11,0.482776
8,BC,12,0.503954
8,BC,13,0.502087
8,BC,14,0.507224
8,BC,15,0.506551
8,BC,16,0.501287
8,BC,17,0.508211
8,BC,18,0.482755
8,BC,19,0.498328
10,BC,0,0.490331
10,BC,1,0.524521
10,BC,2,0.510084
10,BC,3,0.501111
10,BC,4,0.498161
10,BC,5,0.513249
10,BC,6,0.493873
10,BC,7,0.503930
10,BC,8,0.514328
10,BC,9,0.507244
10,BC,10,0.495145
10,BC,11,0.505745
10,BC,12,0.505271
10,BC,13,0.488529
10,BC,14,0.520411
10,BC,15,0.486052
10,BC,16,0.496896
10,BC,17,0.505490
10,BC,18,0.496229
10,BC,19,0.503401
12,BC,0,0.488006
12,BC,1,0.507083
12,BC,2,0.495853
12,BC,3,0.504146
12,BC,4,0.500522
12,BC,5,0.510706
12,BC,6,0.489941
12,BC,7,0.495410
12,BC,8,0.498823
12,BC,9,0.490880
12,BC,10,0.483537
12,BC,11,0.491288
12,BC,12,0.506123
12,BC,13,0.505914
12,BC,14,0.497204
12,BC,15,0.494934
12,BC,16,0.481853
12,BC,17,0.502737
12,BC,18,0.496405
12,BC,19,0.518635
0,OfflineRL,0,0.543213
0,OfflineRL,1,0.526908
0,OfflineRL,2,0.531600
0,OfflineRL,3,0.517466
0,OfflineRL,4,0.548897
0,OfflineRL,5,0.531876
0,OfflineRL,6,0.532569
0,OfflineRL,7,0.504931
0,OfflineRL,8,0.528520
0,OfflineRL,9,0.560119
0,OfflineRL,10,0.499549
0,OfflineRL,11,0.523385
0,OfflineRL,12,0.542846
0,OfflineRL,13,0.510180
0,OfflineRL,14,0.522718
0,OfflineRL,15,0.560690
0,OfflineRL,16,0.546992
0,OfflineRL,17,0.518132
0,OfflineRL,18,0.534089
0,OfflineRL,19,0.555321
1,OfflineRL,0,0.521031
1,OfflineRL,1,0.520638
1,OfflineRL,2,0.513607
1,OfflineRL,3,0.533649
1,OfflineRL,4,0.522759
1,OfflineRL,5,0.558396
1,OfflineRL,6,0.531553
1,OfflineRL,7,0.537106
1,OfflineRL,8,0.554341
1,OfflineRL,9,0.538542
1,OfflineRL,10,0.571917
1,OfflineRL,11,0.522019
1,OfflineRL,12,0.510656
1,OfflineRL,13,0.532855
1,OfflineRL,14,0.511354
1,OfflineRL,15,0.544695
1,OfflineRL,16,0.522779
1,OfflineRL,17,0.543818
1,OfflineRL,18,0.543564
1,OfflineRL,19,0.504721
2,OfflineRL,0,0.556157
2,OfflineRL,1,0.505613
2,OfflineRL,2,0.544463
2,OfflineRL,3,0.529866
2,OfflineRL,4,0.557695
2,OfflineRL,5,0.536624
2,OfflineRL,6,0.535662
2,OfflineRL,7,0.539294
2,OfflineRL,8,0.512283
2,OfflineRL,9,0.536362
2,OfflineRL,10,0.496816
2,OfflineRL,11,0.529597
2,OfflineRL,12,0.499911
2,OfflineRL,13,0.535102
2,OfflineRL,14,0.520792
2,OfflineRL,15,0.536602
2,OfflineRL,16,0.540238
2,OfflineRL,17,0.531132
2,OfflineRL,18,0.563744
2,OfflineRL,19,0.512047
3,OfflineRL,0,0.539513
3,OfflineRL,1,0.553366
3,OfflineRL,2,0.562411
3,OfflineRL,3,0.534215
3,OfflineRL,4,0.482719
3,OfflineRL,5,0.544361
3,OfflineRL,6,0.527554
3,OfflineRL,7,0.527963
3,OfflineRL,8,0.553023
3,OfflineRL,9,0.529343
3,OfflineRL,10,0.520774
3,OfflineRL,11,0.526789
3,OfflineRL,12,0.544180
3,OfflineRL,13,0.506365
3,OfflineRL,14,0.508748
3,OfflineRL,15,0.523155
3,OfflineRL,16,0.534399
3,OfflineRL,17,0.540315
3,OfflineRL,18,0.499555
3,OfflineRL,19,0.541253
4,OfflineRL,0,0.518806
4,OfflineRL,1,0.557479
4,OfflineRL,2,0.516528
4,OfflineRL,3,0.532133
4,OfflineRL,4,0.551811
4,OfflineRL,5,0.559365
4,OfflineRL,6,0.535345
4,OfflineRL,7,0.532296
4,OfflineRL,8,0.535474
4,OfflineRL,9,0.525094
4,OfflineRL,10,0.562842
4,OfflineRL,11,0.523886
4,OfflineRL,12,0.571529
4,OfflineRL,13,0.547830
4,OfflineRL,14,0.528497
4,OfflineRL,15,0.514880
4,OfflineRL,16,0.537868
4,OfflineRL,17,0.528389
4,OfflineRL,18,0.521206
4,OfflineRL,19,0.538742
5,OfflineRL,0,0.535154
5,OfflineRL,1,0.525935
5,OfflineRL,2,0.513497
5,OfflineRL,3,0.524350
5,OfflineRL,4,0.530048
5,OfflineRL,5,0.524059
5,OfflineRL,6,0.523809
5,OfflineRL,7,0.520651
5,OfflineRL,8,0.523576
5,OfflineRL,9,0.581681
5,OfflineRL,10,0.556267
5,OfflineRL,11,0.509075
5,OfflineRL,12,0.537617
5,OfflineRL,13,0.558212
5,OfflineRL,14,0.517700
5,OfflineRL,15,0.559660
5,OfflineRL,16,0.521736
5,OfflineRL,17,0.551440
5,OfflineRL,18,0.536187
5,OfflineRL,19,0.529347
6,OfflineRL,0,0.545144
6,OfflineRL,1,0.542000
6,OfflineRL,2,0.503881
6,OfflineRL,3,0.544059
6,OfflineRL,4,0.553696
6,OfflineRL,5,0.527232
6,OfflineRL,6,0.502814
6,OfflineRL,7,0.510591
6,OfflineRL,8,0.542826
6,OfflineRL,9,0.532083
6,OfflineRL,10,0.553618
6,OfflineRL,11,0.549638
6,OfflineRL,12,0.545921
6,OfflineRL,13,0.542060
6,OfflineRL,14,0.536395
6,OfflineRL,15,0.503272
6,OfflineRL,16,0.530978
6,OfflineRL,17,0.539121
6,OfflineRL,18,0.532666
6,OfflineRL,19,0.542005
8,OfflineRL,0,0.567566
8,OfflineRL,1,0.507590
8,OfflineRL,2,0.560187
8,OfflineRL,3,0.544402
8,OfflineRL,4,0.533036
8,OfflineRL,5,0.538329
8,OfflineRL,6,0.554887
8,OfflineRL,7,0.543220
8,OfflineRL,8,0.544840
8,OfflineRL,9,0.524779
8,OfflineRL,10,0.546671
8,OfflineRL,11,0.546861
8,OfflineRL,12,0.534742
8,OfflineRL,13,0.530494
8,OfflineRL,14,0.526887
8,OfflineRL,15,0.500975
8,OfflineRL,16,0.503258
8,OfflineRL,17,0.531953
8,OfflineRL,18,0.541247
8,OfflineRL,19,0.538076
10,OfflineRL,0,0.527290
10,OfflineRL,1,0.494536
10,OfflineRL,2,0.543365
10,OfflineRL,3,0.537669
10,OfflineRL,4,0.551805
10,OfflineRL,5,0.543760
10,OfflineRL,6,0.533223
10,OfflineRL,7,0.515542
10,OfflineRL,8,0.501115
10,OfflineRL,9,0.555022
10,OfflineRL,10,0.519048
10,OfflineRL,11,0.534086
10,OfflineRL,12,0.529195
10,OfflineRL,13,0.541608
10,OfflineRL,14,0.533284
10,OfflineRL,15,0.523155
10,OfflineRL,16,0.518511
10,OfflineRL,17,0.538290
10,OfflineRL,18,0.508679
10,OfflineRL,19,0.510818
12,OfflineRL,0,0.522243
12,OfflineRL,1,0.548448
12,OfflineRL,2,0.511944
12,OfflineRL,3,0.540680
12,OfflineRL,4,0.532904
12,OfflineRL,5,0.523848
12,OfflineRL,6,0.530997
12,OfflineRL,7,0.510472
12,OfflineRL,8,0.542767
12,OfflineRL,9,0.579119
12,OfflineRL,10,0.512021
12,OfflineRL,11,0.529514
12,OfflineRL,12,0.516220
12,OfflineRL,13,0.539668
12,OfflineRL,14,0.514558
12,OfflineRL,15,0.537181
12,OfflineRL,16,0.556590
12,OfflineRL,17,0.532474
12,OfflineRL,18,0.518060
12,OfflineRL,19,0.500292
0,DiagonalERM,0,0.506984
0,DiagonalERM,1,0.514887
0,DiagonalERM,2,0.527011
0,DiagonalERM,3,0.511522
0,DiagonalERM,4,0.497819
0,DiagonalERM,5,0.520384
0,DiagonalERM,6,0.508688
0,DiagonalERM,7,0.511783
0,DiagonalERM,8,0.502258
0,DiagonalERM,9,0.515489
0,DiagonalERM,10,0.490898
0,DiagonalERM,11,0.535889
0,DiagonalERM,12,0.490294
0,DiagonalERM,13,0.519476
0,DiagonalERM,14,0.509538
0,DiagonalERM,15,0.522671
0,DiagonalERM,16,0.518783
0,DiagonalERM,17,0.541458
0,DiagonalERM,18,0.499135
0,DiagonalERM,19,0.515032
1,DiagonalERM,0,0.499241
1,DiagonalERM,1,0.479450
1,DiagonalERM,2,0.507552
1,DiagonalERM,3,0.524705
1,DiagonalERM,4,0.533508
1,DiagonalERM,5,0.489526
1,DiagonalERM,6,0.514356
1,DiagonalERM,7,0.523506
1,DiagonalERM,8,0.512968
1,DiagonalERM,9,0.501373
1,DiagonalERM,10,0.503715
1,DiagonalERM,11,0.503824
1,DiagonalERM,12,0.530326
1,DiagonalERM,13,0.498079
1,DiagonalERM,14,0.501199
1,DiagonalERM,15,0.529220
1,DiagonalERM,16,0.502038
1,DiagonalERM,17,0.521523
1,DiagonalERM,18,0.503765
1,DiagonalERM,19,0.500127
2,DiagonalERM,0,0.521769
2,DiagonalERM,1,0.509113
2,DiagonalERM,2,0.502881
2,DiagonalERM,3,0.499739
2,DiagonalERM,4,0.517986
2,DiagonalERM,5,0.536864
2,DiagonalERM,6,0.526789
2,DiagonalERM,7,0.495133
2,DiagonalERM,8,0.535618
2,DiagonalERM,9,0.507576
2,DiagonalERM,10,0.525383
2,DiagonalERM,11,0.517882
2,DiagonalERM,12,0.508327
2,DiagonalERM,13,0.532069
2,DiagonalERM,14,0.525445
2,DiagonalERM,15,0.509394
2,DiagonalERM,16,0.515044
2,DiagonalERM,17,0.520828
2,DiagonalERM,18,0.515427
2,DiagonalERM,19,0.536731
3,DiagonalERM,0,0.501918
3,DiagonalERM,1,0.513339
3,DiagonalERM,2,0.529698
3,DiagonalERM,3,0.547734
3,DiagonalERM,4,0.523820
3,DiagonalERM,5,0.540147
3,DiagonalERM,6,0.495861
3,DiagonalERM,7,0.518668
3,DiagonalERM,8,0.513532
3,DiagonalERM,9,0.496589
3,DiagonalERM,10,0.502890
3,DiagonalERM,11,0.516683
3,DiagonalERM,12,0.528987
3,DiagonalERM,13,0.512667
3,DiagonalERM,14,0.510833
3,DiagonalERM,15,0.507323
3,DiagonalERM,16,0.538715
3,DiagonalERM,17,0.504981
3,DiagonalERM,18,0.518830
3,DiagonalERM,19,0.516785
4,DiagonalERM,0,0.515400
4,DiagonalERM,1,0.497431
4,DiagonalERM,2,0.507023
4,DiagonalERM,3,0.526809
4,DiagonalERM,4,0.534442
4,DiagonalERM,5,0.513391
4,DiagonalERM,6,0.523982
4,DiagonalERM,7,0.478111
4,DiagonalERM,8,0.489037
4,DiagonalERM,9,0.528535
4,DiagonalERM,10,0.500916
4,DiagonalERM,11,0.521043
4,DiagonalERM,12,0.506119
4,DiagonalERM,13,0.532181
4,DiagonalERM,14,0.517345
4,DiagonalERM,15,0.525473
4,DiagonalERM,16,0.503781
4,DiagonalERM,17,0.494041
4,DiagonalERM,18,0.506042
4,DiagonalERM,19,0.498898
5,DiagonalERM,0,0.509657
5,DiagonalERM,1,0.504179
5,DiagonalERM,2,0.516119
5,DiagonalERM,3,0.484023
5,DiagonalERM,4,0.511275
5,DiagonalERM,5,0.512811
5,DiagonalERM,6,0.518312
5,DiagonalERM,7,0.516373
5,DiagonalERM,8,0.490774
5,DiagonalERM,9,0.515609
5,DiagonalERM,10,0.508797
5,DiagonalERM,11,0.489908
5,DiagonalERM,12,0.519327
5,DiagonalERM,13,0.512297
5,DiagonalERM,14,0.550202
5,DiagonalERM,15,0.508405
5,DiagonalERM,16,0.521641
5,DiagonalERM,17,0.500264
5,DiagonalERM,18,0.510143
5,DiagonalERM,19,0.479884
6,DiagonalERM,0,0.530853
6,DiagonalERM,1,0.498947
6,DiagonalERM,2,0.502720
6,DiagonalERM,3,0.518536
6,DiagonalERM,4,0.515498
6,DiagonalERM,5,0.521389
6,DiagonalERM,6,0.518471
6,DiagonalERM,7,0.512055
6,DiagonalERM,8,0.532552
6,DiagonalERM,9,0.520391
6,DiagonalERM,10,0.528085
6,DiagonalERM,11,0.526669
6,DiagonalERM,12,0.490404
6,DiagonalERM,13,0.504869
6,DiagonalERM,14,0.511839
6,DiagonalERM,15,0.522449
6,DiagonalERM,16,0.519756
6,DiagonalERM,17,0.512314
6,DiagonalERM,18,0.489668
6,DiagonalERM,19,0.522534
8,DiagonalERM,0,0.506831
8,DiagonalERM,1,0.504096
8,DiagonalERM,2,0.514590
8,DiagonalERM,3,0.513302
8,DiagonalERM,4,0.491425
8,DiagonalERM,5,0.510184
8,DiagonalERM,6,0.506159
8,DiagonalERM,7,0.478933
8,DiagonalERM,8,0.504793
8,DiagonalERM,9,0.512475
8,DiagonalERM,10,0.525393
8,DiagonalERM,11,0.520844
8,DiagonalERM,12,0.517190
8,DiagonalERM,13,0.504674
8,DiagonalERM,14,0.514607
8,DiagonalERM,15,0.544002
8,DiagonalERM,16,0.493399
8,DiagonalERM,17,0.513729
8,DiagonalERM,18,0.507342
8,DiagonalERM,19,0.516031
10,DiagonalERM,0,0.506313
10,DiagonalERM,1,0.519761
10,DiagonalERM,2,0.491951
10,DiagonalERM,3,0.519975
10,DiagonalERM,4,0.499601
10,DiagonalERM,5,0.522359
10,DiagonalERM,6,0.516839
10,DiagonalERM,7,0.523244
10,DiagonalERM,8,0.518226
10,DiagonalERM,9,0.514328
10,DiagonalERM,10,0.515392
10,DiagonalERM,11,0.530092
10,DiagonalERM,12,0.519878
10,DiagonalERM,13,0.511706
10,DiagonalERM,14,0.520989
10,DiagonalERM,15,0.518330
10,DiagonalERM,16,0.520363
10,DiagonalERM,17,0.523157
10,DiagonalERM,18,0.549963
10,DiagonalERM,19,0.497532
12,DiagonalERM,0,0.505886
12,DiagonalERM,1,0.516176
12,DiagonalERM,2,0.510992
12,DiagonalERM,3,0.499289
12,DiagonalERM,4,0.519712
12,DiagonalERM,5,0.494474
12,DiagonalERM,6,0.529513
12,DiagonalERM,7,0.525452
12,DiagonalERM,8,0.491888
12,DiagonalERM,9,0.502833
12,DiagonalERM,10,0.498583
12,DiagonalERM,11,0.524573
12,DiagonalERM,12,0.505205
12,DiagonalERM,13,0.510117
12,DiagonalERM,14,0.497502
12,DiagonalERM,15,0.518022
12,DiagonalERM,16,0.504174
12,DiagonalERM,17,0.522559
12,DiagonalERM,18,0.528735
12,DiagonalERM,19,0.494316
0,Probe+LR (random),0,0.485536
0,Probe+LR (random),1,0.487342
0,Probe+LR (random),2,0.536339
0,Probe+LR (random),3,0.501128
0,Probe+LR (random),4,0.501242
0,Probe+LR (random),5,0.549042
0,Probe+LR (random),6,0.505092
0,Probe+LR (random),7,0.520503
0,Probe+LR (random),8,0.510497
0,Probe+LR (random),9,0.529466
0,Probe+LR (random),10,0.518558
0,Probe+LR (random),11,0.520110
0,Probe+LR (random),12,0.487840
0,Probe+LR (random),13,0.532243
0,Probe+LR (random),14,0.514862
0,Probe+LR (random),15,0.553695
0,Probe+LR (random),16,0.555699
0,Probe+LR (random),17,0.551880
0,Probe+LR (random),18,0.502646
0,Probe+LR (random),19,0.536277
1,Probe+LR (random),0,0.561787
1,Probe+LR (random),1,0.585702
1,Probe+LR (random),2,0.636248
1,Probe+LR (random),3,0.606602
1,Probe+LR (random),4,0.643342
1,Probe+LR (random),5,0.652049
1,Probe+LR (random),6,0.615892
1,Probe+LR (random),7,0.653773
1,Probe+LR (random),8,0.628086
1,Probe+LR (random),9,0.626602
1,Probe+LR (random),10,0.670203
1,Probe+LR (random),11,0.630059
1,Probe+LR (random),12,0.652613
1,Probe+LR (random),13,0.608227
1,Probe+LR (random),14,0.672575
1,Probe+LR (random),15,0.599739
1,Probe+LR (random),16,0.652133
1,Probe+LR (random),17,0.627744
1,Probe+LR (random),18,0.637984
1,Probe+LR (random),19,0.678640
2,Probe+LR (random),0,0.689118
2,Probe+LR (random),1,0.707736
2,Probe+LR (random),2,0.687010
2,Probe+LR (random),3,0.739654
2,Probe+LR (random),4,0.747906
2,Probe+LR (random),5,0.733454
2,Probe+LR (random),6,0.740538
2,Probe+LR (random),7,0.692537
2,Probe+LR (random),8,0.722167
2,Probe+LR (random),9,0.679021
2,Probe+LR (random),10,0.746242
2,Probe+LR (random),11,0.719835
2,Probe+LR (random),12,0.702534
2,Probe+LR (random),13,0.745666
2,Probe+LR (random),14,0.680248
2,Probe+LR (random),15,0.767501
2,Probe+LR (random),16,0.689381
2,Probe+LR (random),17,0.736157
2,Probe+LR (random),18,0.695304
2,Probe+LR (random),19,0.717993
3,Probe+LR (random),0,0.766972
3,Probe+LR (random),1,0.756677
3,Probe+LR (random),2,0.787574
3,Probe+LR (random),3,0.780185
3,Probe+LR (random),4,0.781851
3,Probe+LR (random),5,0.763636
3,Probe+LR (random),6,0.805774
3,Probe+LR (random),7,0.722253
3,Probe+LR (random),8,0.816252
3,Probe+LR (random),9,0.797759
3,Probe+LR (random),10,0.767642
3,Probe+LR (random),11,0.779272
3,Probe+LR (random),12,0.729796
3,Probe+LR (random),13,0.773201
3,Probe+LR (random),14,0.816082
3,Probe+LR (random),15,0.761312
3,Probe+LR (random),16,0.787614
3,Probe+LR (random),17,0.761847
3,Probe+LR (random),18,0.752841
3,Probe+LR (random),19,0.771460
4,Probe+LR (random),0,0.760388
4,Probe+LR (random),1,0.813283
4,Probe+LR (random),2,0.814845
4,Probe+LR (random),3,0.812573
4,Probe+LR (random),4,0.757506
4,Probe+LR (random),5,0.812438
4,Probe+LR (random),6,0.805008
4,Probe+LR (random),7,0.822763
4,Probe+LR (random),8,0.817327
4,Probe+LR (random),9,0.801808
4,Probe+LR (random),10,0.765332
4,Probe+LR (random),11,0.806140
4,Probe+LR (random),12,0.807449
4,Probe+LR (random),13,0.814005
4,Probe+LR (random),14,0.794622
4,Probe+LR (random),15,0.794388
4,Probe+LR (random),16,0.846655
4,Probe+LR (random),17,0.817470
4,Probe+LR (random),18,0.812867
4,Probe+LR (random),19,0.803132
5,Probe+LR (random),0,0.831315
5,Probe+LR (random),1,0.857697
5,Probe+LR (random),2,0.800334
5,Probe+LR (random),3,0.869303
5,Probe+LR (random),4,0.865728
5,Probe+LR (random),5,0.864017
5,Probe+LR (random),6,0.853916
5,Probe+LR (random),7,0.845221
5,Probe+LR (random),8,0.858600
5,Probe+LR (random),9,0.843026
5,Probe+LR (random),10,0.820788
5,Probe+LR (random),11,0.844599
5,Probe+LR (random),12,0.868144
5,Probe+LR (random),13,0.831218
5,Probe+LR (random),14,0.825623
5,Probe+LR (random),15,0.860499
5,Probe+LR (random),16,0.839311
5,Probe+LR (random),17,0.857796
5,Probe+LR (random),18,0.862510
5,Probe+LR (random),19,0.860355
6,Probe+LR (random),0,0.868127
6,Probe+LR (random),1,0.878716
6,Probe+LR (random),2,0.863127
6,Probe+LR (random),3,0.877661
6,Probe+LR (random),4,0.855358
6,Probe+LR (random),5,0.880800
6,Probe+LR (random),6,0.881874
6,Probe+LR (random),7,0.894616
6,Probe+LR (random),8,0.882145
6,Probe+LR (random),9,0.843251
6,Probe+LR (random),10,0.877651
6,Probe+LR (random),11,0.832321
6,Probe+LR (random),12,0.879639
6,Probe+LR (random),13,0.861386
6,Probe+LR (random),14,0.872710
6,Probe+LR (random),15,0.826448
6,Probe+LR (random),16,0.862230
6,Probe+LR (random),17,0.853345
6,Probe+LR (random),18,0.867564
6,Probe+LR (random),19,0.861033
8,Probe+LR (random),0,0.907017
8,Probe+LR (random),1,0.891666
8,Probe+LR (random),2,0.859724
8,Probe+LR (random),3,0.902048
8,Probe+LR (random),4,0.882070
8,Probe+LR (random),5,0.892152
8,Probe+LR (random),6,0.873633
8,Probe+LR (random),7,0.890943
8,Probe+LR (random),8,0.915328
8,Probe+LR (random),9,0.883954
8,Probe+LR (random),10,0.904482
8,Probe+LR (random),11,0.895642
8,Probe+LR (random),12,0.900817
8,Probe+LR (random),13,0.889807
8,Probe+LR (random),14,0.887820
8,Probe+LR (random),15,0.866500
8,Probe+LR (random),16,0.889934
8,Probe+LR (random),17,0.912876
8,Probe+LR (random),18,0.903875
8,Probe+LR (random),19,0.889713
10,Probe+LR (random),0,0.911801
10,Probe+LR (random),1,0.920369
10,Probe+LR (random),2,0.920542
10,Probe+LR (random),3,0.894911
10,Probe+LR (random),4,0.921967
10,Probe+LR (random),5,0.920917
10,Probe+LR (random),6,0.888477
10,Probe+LR (random),7,0.920561
10,Probe+LR (random),8,0.902724
10,Probe+LR (random),9,0.881216
10,Probe+LR (random),10,0.925395
10,Probe+LR (random),11,0.912538
10,Probe+LR (random),12,0.902147
10,Probe+LR (random),13,0.881012
10,Probe+LR (random),14,0.890887
10,Probe+LR (random),15,0.892294
10,Probe+LR (random),16,0.906145
10,Probe+LR (random),17,0.912505
10,Probe+LR (random),18,0.925764
10,Probe+LR (random),19,0.927829
12,Probe+LR (random),0,0.922828
12,Probe+LR (random),1,0.921846
12,Probe+LR (random),2,0.928469
12,Probe+LR (random),3,0.912255
12,Probe+LR (random),4,0.923738
12,Probe+LR (random),5,0.886286
12,Probe+LR (random),6,0.924494
12,Probe+LR (random),7,0.922024
12,Probe+LR (random),8,0.896847
12,Probe+LR (random),9,0.908189
12,Probe+LR (random),10,0.881104
12,Probe+LR (random),11,0.919584
12,Probe+LR (random),12,0.923692
12,Probe+LR (random),13,0.907201
12,Probe+LR (random),14,0.896551
12,Probe+LR (random),15,0.921474
12,Probe+LR (random),16,0.920655
12,Probe+LR (random),17,0.900979
12,Probe+LR (random),18,0.911174
12,Probe+LR (random),19,0.890610
0,Probe+LR (OED),0,0.556872
0,Probe+LR (OED),1,0.518337
0,Probe+LR (OED),2,0.545062
0,Probe+LR (OED),3,0.515972
0,Probe+LR (OED),4,0.526741
0,Probe+LR (OED),5,0.500458
0,Probe+LR (OED),6,0.480347
0,Probe+LR (OED),7,0.528266
0,Probe+LR (OED),8,0.498825
0,Probe+LR (OED),9,0.515897
0,Probe+LR (OED),10,0.517928
0,Probe+LR (OED),11,0.512362
0,Probe+LR (OED),12,0.519208
0,Probe+LR (OED),13,0.532983
0,Probe+LR (OED),14,0.523300
0,Probe+LR (OED),15,0.507123
0,Probe+LR (OED),16,0.571525
0,Probe+LR (OED),17,0.533972
0,Probe+LR (OED),18,0.498152
0,Probe+LR (OED),19,0.496671
1,Probe+LR (OED),0,0.689415
1,Probe+LR (OED),1,0.662453
1,Probe+LR (OED),2,0.750231
1,Probe+LR (OED),3,0.671473
1,Probe+LR (OED),4,0.698730
1,Probe+LR (OED),5,0.669835
1,Probe+LR (OED),6,0.654047
1,Probe+LR (OED),7,0.656939
1,Probe+LR (OED),8,0.711977
1,Probe+LR (OED),9,0.662818
1,Probe+LR (OED),10,0.642304
1,Probe+LR (OED),11,0.682102
1,Probe+LR (OED),12,0.646759
1,Probe+LR (OED),13,0.713958
1,Probe+LR (OED),14,0.655693
1,Probe+LR (OED),15,0.681601
1,Probe+LR (OED),16,0.685220
1,Probe+LR (OED),17,0.688506
1,Probe+LR (OED),18,0.697673
1,Probe+LR (OED),19,0.658266
2,Probe+LR (OED),0,0.745794
2,Probe+LR (OED),1,0.790864
2,Probe+LR (OED),2,0.730993
2,Probe+LR (OED),3,0.752965
2,Probe+LR (OED),4,0.755080
2,Probe+LR (OED),5,0.731235
2,Probe+LR (OED),6,0.772699
2,Probe+LR (OED),7,0.742086
2,Probe+LR (OED),8,0.788719
2,Probe+LR (OED),9,0.793061
2,Probe+LR (OED),10,0.733371
2,Probe+LR (OED),11,0.732567
2,Probe+LR (OED),12,0.756571
2,Probe+LR (OED),13,0.789410
2,Probe+LR (OED),14,0.773244
2,Probe+LR (OED),15,0.778099
2,Probe+LR (OED),16,0.723255
2,Probe+LR (OED),17,0.763560
2,Probe+LR (OED),18,0.753773
2,Probe+LR (OED),19,0.772652
3,Probe+LR (OED),0,0.869717
3,Probe+LR (OED),1,0.814928
3,Probe+LR (OED),2,0.815468
3,Probe+LR (OED),3,0.835924
3,Probe+LR (OED),4,0.809405
3,Probe+LR (OED),5,0.828520
3,Probe+LR (OED),6,0.800909
3,Probe+LR (OED),7,0.810991
3,Probe+LR (OED),8,0.835863
3,Probe+LR (OED),9,0.822256
3,Probe+LR (OED),10,0.832158
3,Probe+LR (OED),11,0.804511
3,Probe+LR (OED),12,0.827595
3,Probe+LR (OED),13,0.838578
3,Probe+LR (OED),14,0.833395
3,Probe+LR (OED),15,0.816672
3,Probe+LR (OED),16,0.810957
3,Probe+LR (OED),17,0.781597
3,Probe+LR (OED),18,0.785454
3,Probe+LR (OED),19,0.845102
4,Probe+LR (OED),0,0.840452
4,Probe+LR (OED),1,0.885665
4,Probe+LR (OED),2,0.894354
4,Probe+LR (OED),3,0.846670
4,Probe+LR (OED),4,0.878001
4,Probe+LR (OED),5,0.859576
4,Probe+LR (OED),6,0.882920
4,Probe+LR (OED),7,0.835157
4,Probe+LR (OED),8,0.862238
4,Probe+LR (OED),9,0.874412
4,Probe+LR (OED),10,0.837582
4,Probe+LR (OED),11,0.852292
4,Probe+LR (OED),12,0.858004
4,Probe+LR (OED),13,0.885795
4,Probe+LR (OED),14,0.879385
4,Probe+LR (OED),15,0.857970
4,Probe+LR (OED),16,0.860909
4,Probe+LR (OED),17,0.878490
4,Probe+LR (OED),18,0.855149
4,Probe+LR (OED),19,0.874979
5,Probe+LR (OED),0,0.895638
5,Probe+LR (OED),1,0.886542
5,Probe+LR (OED),2,0.906797
5,Probe+LR (OED),3,0.880275
5,Probe+LR (OED),4,0.899213
5,Probe+LR (OED),5,0.874042
5,Probe+LR (OED),6,0.877734
5,Probe+LR (OED),7,0.898066
5,Probe+LR (OED),8,0.862105
5,Probe+LR (OED),9,0.879386
5,Probe+LR (OED),10,0.906168
5,Probe+LR (OED),11,0.869139
5,Probe+LR (OED),12,0.847016
5,Probe+LR (OED),13,0.894155
5,Probe+LR (OED),14,0.861629
5,Probe+LR (OED),15,0.883176
5,Probe+LR (OED),16,0.916492
5,Probe+LR (OED),17,0.887437
5,Probe+LR (OED),18,0.897535
5,Probe+LR (OED),19,0.897454
6,Probe+LR (OED),0,0.929198
6,Probe+LR (OED),1,0.910902
6,Probe+LR (OED),2,0.907920
6,Probe+LR (OED),3,0.920869
6,Probe+LR (OED),4,0.887250
6,Probe+LR (OED),5,0.925103
6,Probe+LR (OED),6,0.904038
6,Probe+LR (OED),7,0.889717
6,Probe+LR (OED),8,0.902013
6,Probe+LR (OED),9,0.895664
6,Probe+LR (OED),10,0.915026
6,Probe+LR (OED),11,0.934571
6,Probe+LR (OED),12,0.922956
6,Probe+LR (OED),13,0.897624
6,Probe+LR (OED),14,0.888569
6,Probe+LR (OED),15,0.934778
6,Probe+LR (OED),16,0.896821
6,Probe+LR (OED),17,0.913930
6,Probe+LR (OED),18,0.889739
6,Probe+LR (OED),19,0.933310
8,Probe+LR (OED),0,0.908943
8,Probe+LR (OED),1,0.931147
8,Probe+LR (OED),2,0.945904
8,Probe+LR (OED),3,0.895497
8,Probe+LR (OED),4,0.915857
8,Probe+LR (OED),5,0.938758
8,Probe+LR (OED),6,0.935995
8,Probe+LR (OED),7,0.917793
8,Probe+LR (OED),8,0.919725
8,Probe+LR (OED),9,0.905984
8,Probe+LR (OED),10,0.938787
8,Probe+LR (OED),11,0.918301
8,Probe+LR (OED),12,0.942681
8,Probe+LR (OED),13,0.912028
8,Probe+LR (OED),14,0.928699
8,Probe+LR (OED),15,0.950777
8,Probe+LR (OED),16,0.929770
8,Probe+LR (OED),17,0.921018
8,Probe+LR (OED),18,0.924323
8,Probe+LR (OED),19,0.918012
10,Probe+LR (OED),0,0.933644
10,Probe+LR (OED),1,0.928627
10,Probe+LR (OED),2,0.926236
10,Probe+LR (OED),3,0.924564
10,Probe+LR (OED),4,0.916859
10,Probe+LR (OED),5,0.961482
10,Probe+LR (OED),6,0.928949
10,Probe+LR (OED),7,0.940294
10,Probe+LR (OED),8,0.933419
10,Probe+LR (OED),9,0.959766
10,Probe+LR (OED),10,0.931102
10,Probe+LR (OED),11,0.934318
10,Probe+LR (OED),12,0.930884
10,Probe+LR (OED),13,0.966495
10,Probe+LR (OED),14,0.930253
10,Probe+LR (OED),15,0.932284
10,Probe+LR (OED),16,0.951562
10,Probe+LR (OED),17,0.949369
10,Probe+LR (OED),18,0.917455
10,Probe+LR (OED),19,0.922435
12,Probe+LR (OED),0,0.907612
12,Probe+LR (OED),1,0.938330
12,Probe+LR (OED),2,0.949010
12,Probe+LR (OED),3,0.922452
12,Probe+LR (OED),4,0.962545
12,Probe+LR (OED),5,0.955670
12,Probe+LR (OED),6,0.945301
12,Probe+LR (OED),7,0.944016
12,Probe+LR (OED),8,0.945260
12,Probe+LR (OED),9,0.934188
12,Probe+LR (OED),10,0.959967
12,Probe+LR (OED),11,0.919666
12,Probe+LR (OED),12,0.931445
12,Probe+LR (OED),13,0.954011
12,Probe+LR (OED),14,0.942816
12,Probe+LR (OED),15,0.932471
12,Probe+LR (OED),16,0.960517
12,Probe+LR (OED),17,0.918081
12,Probe+LR (OED),18,0.952415
12,Probe+LR (OED),19,0.944227
